[{"name":"sql.active_record","payload":{"sql":"SELECT  \"carts\".* FROM \"carts\" WHERE \"carts\".\"id\" = ? LIMIT 1","name":"Cart Load","connection_id":70339411886980,"statement_name":null,"binds":[[{"name":"id","cast_type":{"precision":null,"scale":null,"limit":null,"range":"-2147483648...2147483648"},"sql_type":"INTEGER","null":false,"default":null,"default_function":null},1]],"line":79,"filename":"/usr/local/projects/ucsc-ruby-class/depot/app/controllers/carts_controller.rb","method":"set_cart"},"time":"2016-08-11T21:11:39.610-07:00","transaction_id":"d11ffa913892e797bb32","end":"2016-08-11T21:11:39.611-07:00","children":[],"duration":0.321},{"name":"meta_request.log","payload":{"message":"Attempt to access invalid cart 1","level":"error","line":87,"filename":"/usr/local/projects/ucsc-ruby-class/depot/app/controllers/carts_controller.rb","method":"invalid_cart"},"time":0,"transaction_id":0,"end":0,"children":[],"duration":0.0},{"name":"process_action.action_controller","payload":{"controller":"CartsController","action":"show","params":{"controller":"carts","action":"show","id":"1"},"format":"html","method":"GET","path":"/carts/1","status":302,"view_runtime":null,"db_runtime":0.11},"time":"2016-08-11T21:11:39.610-07:00","transaction_id":"d11ffa913892e797bb32","end":"2016-08-11T21:11:39.613-07:00","children":[],"duration":2.953}]