[{"name":"sql.active_record","payload":{"sql":"SELECT  \"products\".* FROM \"products\"  ORDER BY \"products\".\"updated_at\" DESC LIMIT 1","name":"Product Load","connection_id":70339411886980,"statement_name":null,"binds":[],"line":27,"filename":"/usr/local/projects/ucsc-ruby-class/depot/app/models/product.rb","method":"latest"},"time":"2016-08-11T21:11:45.059-07:00","transaction_id":"d11ffa913892e797bb32","end":"2016-08-11T21:11:45.059-07:00","children":[],"duration":0.625},{"name":"sql.active_record","payload":{"sql":"SELECT \"products\".* FROM \"products\"  ORDER BY \"products\".\"title\" ASC","name":"Product Load","connection_id":70339411886980,"statement_name":null,"binds":[],"line":8,"filename":"/usr/local/projects/ucsc-ruby-class/depot/app/views/store/index.html.erb","method":"block in _app_views_store_index_html_erb___617461262137029245_70339371982760"},"time":"2016-08-11T21:11:45.060-07:00","transaction_id":"d11ffa913892e797bb32","end":"2016-08-11T21:11:45.061-07:00","children":[],"duration":0.378},{"name":"render_template.action_view","payload":{"identifier":"/usr/local/projects/ucsc-ruby-class/depot/app/views/store/index.html.erb","layout":"layouts/application"},"time":"2016-08-11T21:11:45.058-07:00","transaction_id":"d11ffa913892e797bb32","end":"2016-08-11T21:11:45.070-07:00","children":[],"duration":11.488999999999999},{"name":"process_action.action_controller","payload":{"controller":"StoreController","action":"index","params":{"controller":"store","action":"index"},"format":"html","method":"GET","path":"/","status":200,"view_runtime":48.419003996262326,"db_runtime":0.45999999999999996},"time":"2016-08-11T21:11:45.054-07:00","transaction_id":"d11ffa913892e797bb32","end":"2016-08-11T21:11:45.103-07:00","children":[],"duration":49.42}]