[{"name":"sql.active_record","payload":{"sql":"SELECT  \"products\".* FROM \"products\"  ORDER BY \"products\".\"updated_at\" DESC LIMIT 1","name":"Product Load","connection_id":70339411886980,"statement_name":null,"binds":[],"line":27,"filename":"/usr/local/projects/ucsc-ruby-class/depot/app/models/product.rb","method":"latest"},"time":"2016-08-11T21:11:43.650-07:00","transaction_id":"d11ffa913892e797bb32","end":"2016-08-11T21:11:43.650-07:00","children":[],"duration":0.5730000000000001},{"name":"sql.active_record","payload":{"sql":"SELECT \"products\".* FROM \"products\"  ORDER BY \"products\".\"title\" ASC","name":"Product Load","connection_id":70339411886980,"statement_name":null,"binds":[],"line":8,"filename":"/usr/local/projects/ucsc-ruby-class/depot/app/views/store/index.html.erb","method":"block in _app_views_store_index_html_erb___617461262137029245_70339371982760"},"time":"2016-08-11T21:11:43.651-07:00","transaction_id":"d11ffa913892e797bb32","end":"2016-08-11T21:11:43.651-07:00","children":[],"duration":0.296},{"name":"render_template.action_view","payload":{"identifier":"/usr/local/projects/ucsc-ruby-class/depot/app/views/store/index.html.erb","layout":"layouts/application"},"time":"2016-08-11T21:11:43.649-07:00","transaction_id":"4f32b98ec7a36adfd48d","end":"2016-08-11T21:11:43.659-07:00","children":[],"duration":9.575999999999999},{"name":"process_action.action_controller","payload":{"controller":"StoreController","action":"index","params":{"controller":"store","action":"index"},"format":"html","method":"GET","path":"/","status":200,"view_runtime":45.01056399753457,"db_runtime":0.344},"time":"2016-08-11T21:11:43.645-07:00","transaction_id":"4f32b98ec7a36adfd48d","end":"2016-08-11T21:11:43.691-07:00","children":[],"duration":45.861}]